Posição,Sexo,Categoria,Posição na Categoria,Tempo Final,Tempo Bruto  ,Ritmo,Velocidade
1.,Masculino,10K-GM,1,0:33:11.52,0:33:15.88,3:19,
2.,Masculino,10K-GM,2,0:33:42.03,0:33:44.64,3:22,
3.,Masculino,10K-GM,3,0:34:37.18,0:34:39.69,3:28,
4.,Masculino,10K-GM,4,0:34:54.62,0:34:57.53,3:29,
5.,Masculino,10K-GM,5,0:35:29.89,0:35:34.04,3:33,
6.,Masculino,35-39,1,0:36:14.35,0:36:19.87,3:37,
7.,Masculino,25-34,1,0:36:33.71,0:36:36.93,3:40,
8.,Masculino,40-44,1,0:37:16.04,0:37:18.89,3:44,
9.,Masculino,25-34,2,0:37:34.52,0:37:39.31,3:46,
10.,Masculino,25-34,3,0:37:38.79,0:37:40.01,3:46,
11.,Masculino,35-39,2,0:38:11.51,0:38:13.94,3:49,
12.,Masculino,25-34,4,0:38:25.69,0:38:29.27,3:50,
13.,Masculino,25-34,5,0:38:39.22,0:38:41.83,3:52,
14.,Masculino,45-49,1,0:39:08.01,0:39:10.88,3:55,
15.,Masculino,50-54,1,0:39:14.19,0:39:17.42,3:55,
16.,Masculino,45-49,2,0:40:02.06,0:40:12.85,4:00,
17.,Masculino,40-44,2,0:40:15.34,0:41:40.37,4:02,
18.,Masculino,35-39,3,0:40:51.58,0:40:56.16,4:05,
19.,Feminino,10K-GF,1,0:41:05.38,0:41:09.04,4:07,
20.,Masculino,25-34,6,0:41:29.95,0:49:31.61,4:09,
21.,Masculino,25-34,7,0:41:34.30,0:41:48.96,4:10,
22.,Masculino,40-44,3,0:41:42.38,0:41:42.38,4:10,
23.,Masculino,40-44,4,0:41:51.14,0:42:09.87,4:11,
24.,Masculino,35-39,4,0:41:55.42,0:42:13.12,4:11,
25.,Masculino,35-39,5,0:42:02.83,0:42:12.04,4:12,
26.,Feminino,10K-GF,2,0:42:13.93,0:42:17.88,4:13,
27.,Masculino,60-64,1,0:42:15.70,0:45:06.01,4:13,
28.,Masculino,25-34,8,0:42:28.11,0:42:43.72,4:15,
29.,Masculino,45-49,3,0:42:41.44,0:42:53.83,4:16,
30.,Masculino,45-49,4,0:42:55.36,0:42:58.27,4:17,
31.,Masculino,40-44,5,0:42:56.42,0:44:20.65,4:17,
32.,Masculino,35-39,6,0:43:04.41,0:43:23.15,4:19,
33.,Masculino,35-39,7,0:43:38.67,0:43:45.06,4:22,
34.,Masculino,45-49,5,0:44:00.99,0:48:12.48,4:24,
35.,Masculino,55-59,1,0:44:07.21,0:44:10.78,4:25,
36.,Masculino,40-44,6,0:44:16.91,0:44:18.47,4:26,
37.,Masculino,25-34,9,0:44:46.09,0:44:54.08,4:29,
38.,Masculino,35-39,8,0:45:05.34,0:45:23.59,4:31,
39.,Masculino,40-44,7,0:45:12.39,0:48:27.53,4:31,
40.,Masculino,40-44,8,0:45:21.04,0:45:36.62,4:32,
41.,Masculino,25-34,10,0:45:22.74,0:45:47.21,4:32,
42.,Masculino,25-34,11,0:45:25.84,0:46:21.80,4:32,
43.,Masculino,25-34,12,0:45:35.28,0:52:46.39,4:34,
44.,Masculino,40-44,9,0:45:36.16,0:49:04.41,4:34,
45.,Masculino,45-49,6,0:45:38.05,0:45:57.50,4:34,
46.,Masculino,65-69,1,0:45:38.66,0:52:50.69,4:34,
47.,Masculino,35-39,9,0:45:48.63,0:45:57.39,4:35,
48.,Masculino,35-39,10,0:45:54.55,0:46:10.89,4:35,
49.,Masculino,50-54,2,0:45:57.13,0:46:34.73,4:36,
50.,Masculino,50-54,3,0:45:59.14,0:47:19.50,4:36,
51.,Masculino,10K-PRFM,1,0:46:03.22,0:46:14.32,4:36,
52.,Masculino,50-54,4,0:46:17.16,0:46:36.44,4:38,
53.,Feminino,10K-GF,3,0:46:23.27,0:46:35.07,4:38,
54.,Masculino,25-34,13,0:46:27.86,0:48:12.48,4:39,
55.,Masculino,40-44,10,0:46:29.25,0:46:53.33,4:39,
56.,Masculino,25-34,14,0:46:30.19,0:46:38.80,4:39,
57.,Masculino,25-34,15,0:46:31.13,0:46:34.68,4:39,
58.,Masculino,25-34,16,0:46:43.75,0:46:51.61,4:40,
59.,Masculino,55-59,2,0:46:47.02,0:52:29.08,4:41,
60.,Feminino,10K-GF,4,0:47:00.21,0:47:05.47,4:42,
61.,Masculino,45-49,7,0:47:01.32,0:48:00.77,4:42,
62.,Masculino,35-39,11,0:47:11.96,0:47:21.31,4:43,
63.,Masculino,35-39,12,0:47:38.30,0:47:43.59,4:46,
64.,Masculino,35-39,13,0:47:38.85,0:49:56.21,4:46,
65.,Masculino,45-49,8,0:47:42.45,0:47:52.30,4:46,
66.,Feminino,10K-GF,5,0:47:42.90,0:47:55.57,4:46,
67.,Masculino,25-34,17,0:47:45.63,0:48:18.27,4:47,
68.,Masculino,10K-PRFM,2,0:47:47.05,0:50:32.06,4:47,
69.,Masculino,55-59,3,0:47:58.39,0:48:02.53,4:48,
70.,Masculino,65-69,2,0:47:58.78,0:48:06.30,4:48,
71.,Masculino,55-59,4,0:48:01.24,0:48:07.04,4:48,
72.,Masculino,25-34,18,0:48:08.63,0:52:09.47,4:49,
73.,Masculino,10K-PRFM,3,0:48:20.57,0:54:53.29,4:50,
74.,Feminino,25-34,1,0:48:25.62,0:52:56.59,4:50,
75.,Masculino,40-44,11,0:48:25.64,0:50:02.75,4:50,
76.,Masculino,25-34,19,0:48:30.50,0:58:06.77,4:51,
77.,Masculino,50-54,5,0:48:33.26,0:49:55.99,4:51,
78.,Feminino,45-49,1,0:48:34.78,0:49:42.59,4:52,
79.,Masculino,18-24,1,0:48:38.24,0:49:03.78,4:52,
80.,Masculino,25-34,20,0:48:41.30,0:52:05.68,4:52,
81.,Masculino,45-49,9,0:48:46.94,0:50:44.61,4:53,
82.,Masculino,18-24,2,0:48:48.45,0:53:21.11,4:53,
83.,Masculino,35-39,14,0:48:48.83,0:49:32.50,4:53,
84.,Masculino,65-69,3,0:48:53.30,0:50:45.62,4:53,
85.,Masculino,40-44,12,0:48:56.48,0:49:05.72,4:53,
86.,Masculino,65-69,4,0:49:00.46,0:50:48.15,4:54,
87.,Masculino,45-49,10,0:49:02.49,0:49:17.27,4:54,
88.,Masculino,18-24,3,0:49:13.69,0:52:26.80,4:55,
89.,Masculino,35-39,15,0:49:16.34,0:58:20.25,4:56,
90.,Masculino,35-39,16,0:49:27.24,0:57:01.78,4:56,
91.,Masculino,35-39,17,0:49:33.94,0:50:02.54,4:58,
92.,Masculino,35-39,18,0:49:38.86,0:52:19.70,4:58,
93.,Masculino,25-34,21,0:49:40.93,0:50:20.78,4:58,
94.,Masculino,25-34,22,0:49:55.49,0:50:00.39,4:59,
95.,Masculino,35-39,19,0:49:57.24,0:50:12.83,5:00,
96.,Masculino,60-64,2,0:49:58.47,0:50:03.36,5:00,
97.,Masculino,25-34,23,0:50:02.24,0:50:22.47,5:00,
98.,Masculino,25-34,24,0:50:06.49,0:57:31.03,5:01,
99.,Masculino,60-64,3,0:50:08.11,0:50:13.19,5:01,
100.,Masculino,40-44,13,0:50:08.74,0:58:29.08,5:01,
101.,Feminino,35-39,1,0:50:14.65,0:50:14.65,5:01,
102.,Masculino,25-34,25,0:50:15.25,0:54:54.96,5:02,
103.,Feminino,45-49,2,0:50:22.28,0:50:32.26,5:02,
104.,Masculino,50-54,6,0:50:26.29,0:51:20.48,5:02,
105.,Masculino,25-34,26,0:50:26.52,0:53:59.31,5:02,
106.,Masculino,35-39,20,0:50:28.03,0:54:01.06,5:03,
107.,Masculino,60-64,4,0:50:34.43,0:54:33.87,5:04,
108.,Masculino,35-39,21,0:50:36.42,0:54:07.95,5:04,
109.,Masculino,35-39,22,0:50:38.06,0:52:00.77,5:04,
110.,Masculino,25-34,27,0:50:38.55,0:50:51.31,5:04,
111.,Masculino,35-39,23,0:50:40.43,0:56:48.73,5:04,
112.,Masculino,45-49,11,0:50:45.43,0:51:41.40,5:05,
113.,Masculino,25-34,28,0:50:46.65,0:50:58.45,5:05,
114.,Masculino,60-64,5,0:50:51.43,0:58:04.55,5:05,
115.,Feminino,50-54,1,0:50:52.83,0:50:58.52,5:05,
116.,Masculino,50-54,7,0:50:54.15,0:52:17.85,5:05,
117.,Feminino,60-64,1,0:50:59.62,0:51:05.81,5:06,
118.,Masculino,40-44,14,0:51:00.43,0:58:59.28,5:06,
119.,Feminino,60-64,2,0:51:07.70,0:58:03.24,5:07,
120.,Feminino,25-34,2,0:51:08.71,0:53:01.90,5:07,
121.,Feminino,35-39,2,0:51:10.57,0:57:19.48,5:07,
122.,Masculino,45-49,12,0:51:11.41,0:54:01.65,5:07,
123.,Feminino,40-44,1,0:51:14.07,0:51:23.01,5:07,
124.,Masculino,50-54,8,0:51:17.01,0:55:39.23,5:08,
125.,Masculino,50-54,9,0:51:17.46,0:59:42.80,5:08,
126.,Masculino,40-44,15,0:51:18.93,0:53:17.76,5:08,
127.,Masculino,25-34,29,0:51:20.03,0:58:04.15,5:08,
128.,Masculino,40-44,16,0:51:23.35,0:53:54.95,5:08,
129.,Masculino,25-34,30,0:51:31.36,0:52:58.67,5:09,
130.,Feminino,35-39,3,0:51:33.91,0:51:49.67,5:09,
131.,Masculino,65-69,5,0:51:34.02,0:56:42.56,5:10,
132.,Masculino,60-64,6,0:51:40.29,0:52:05.10,5:10,
133.,Masculino,35-39,24,0:51:41.35,0:52:04.44,5:10,
134.,Masculino,40-44,17,0:51:45.06,0:54:16.18,5:11,
135.,Masculino,65-69,6,0:51:46.09,0:53:23.41,5:11,
136.,Masculino,35-39,25,0:51:49.26,0:53:09.67,5:11,
137.,Masculino,45-49,13,0:51:50.98,0:53:15.19,5:11,
138.,Masculino,25-34,31,0:51:54.62,0:56:39.95,5:11,
139.,Masculino,25-34,32,0:51:58.34,0:52:27.39,5:12,
140.,Masculino,25-34,33,0:52:02.00,0:52:22.75,5:12,
141.,Masculino,35-39,26,0:52:06.96,0:55:29.91,5:13,
142.,Feminino,35-39,4,0:52:12.66,0:52:23.26,5:13,
143.,Feminino,40-44,2,0:52:13.25,0:56:50.87,5:13,
144.,Masculino,50-54,10,0:52:15.37,0:52:27.83,5:13,
145.,Feminino,25-34,3,0:52:15.39,0:55:38.66,5:13,
146.,Masculino,45-49,14,0:52:27.42,0:53:53.74,5:14,
147.,Feminino,50-54,2,0:52:34.21,0:52:38.47,5:16,
148.,Masculino,25-34,34,0:52:37.87,0:55:28.75,5:16,
149.,Masculino,35-39,27,0:52:43.85,0:53:44.85,5:16,
150.,Masculino,50-54,11,0:52:44.64,0:57:06.57,5:16,
151.,Masculino,50-54,12,0:52:45.82,0:52:57.79,5:17,
152.,Masculino,35-39,28,0:52:45.92,0:56:04.33,5:17,
153.,Masculino,50-54,13,0:52:49.38,0:55:19.98,5:17,
154.,Feminino,25-34,4,0:52:51.99,0:56:00.75,5:17,
155.,Masculino,25-34,35,0:52:52.04,0:54:09.84,5:17,
156.,Feminino,18-24,1,0:52:53.08,0:53:26.48,5:17,
157.,Masculino,35-39,29,0:52:58.13,0:55:10.48,5:18,
158.,Masculino,25-34,36,0:52:59.72,0:54:27.41,5:18,
159.,Masculino,45-49,15,0:53:01.75,0:55:10.80,5:18,
160.,Feminino,45-49,3,0:53:01.99,0:54:47.73,5:18,
161.,Masculino,25-34,37,0:53:04.03,0:58:30.67,5:19,
162.,Masculino,25-34,38,0:53:06.54,0:57:53.76,5:19,
163.,Masculino,18-24,4,0:53:08.38,0:57:20.63,5:19,
164.,Masculino,50-54,14,0:53:09.02,0:56:40.24,5:19,
165.,Masculino,45-49,16,0:53:09.45,0:53:29.69,5:19,
166.,Masculino,55-59,5,0:53:14.33,0:53:50.74,5:19,
167.,Masculino,25-34,39,0:53:17.23,0:55:36.50,5:20,
168.,Feminino,25-34,5,0:53:18.44,0:54:51.21,5:20,
169.,Masculino,35-39,30,0:53:23.92,0:54:03.63,5:20,
170.,Feminino,25-34,6,0:53:27.08,0:53:57.92,5:21,
171.,Masculino,45-49,17,0:53:27.71,0:58:17.33,5:21,
172.,Masculino,40-44,18,0:53:28.54,0:56:54.03,5:21,
173.,Masculino,60-64,7,0:53:31.72,0:54:55.26,5:21,
174.,Masculino,35-39,31,0:53:34.12,0:54:32.17,5:22,
175.,Masculino,35-39,32,0:53:34.39,0:54:15.67,5:22,
176.,Masculino,50-54,15,0:53:35.06,0:57:37.68,5:22,
177.,Masculino,25-34,40,0:53:35.52,0:57:07.83,5:22,
178.,Masculino,50-54,16,0:53:35.57,0:55:26.62,5:22,
179.,Feminino,55-59,1,0:53:36.28,0:53:57.61,5:22,
180.,Masculino,60-64,8,0:53:38.72,0:54:04.84,5:22,
181.,Masculino,25-34,41,0:53:40.99,0:53:53.03,5:22,
182.,Feminino,40-44,3,0:53:46.72,0:55:57.02,5:23,
183.,Masculino,25-34,42,0:53:46.90,0:58:47.69,5:23,
184.,Masculino,40-44,19,0:53:47.12,1:00:38.26,5:23,
185.,Masculino,60-64,9,0:53:48.48,0:54:45.39,5:23,
186.,Masculino,55-59,6,0:53:49.65,0:54:22.40,5:23,
187.,Masculino,25-34,43,0:53:50.69,0:57:00.73,5:23,
188.,Masculino,35-39,33,0:53:57.06,0:57:27.20,5:24,
189.,Masculino,35-39,34,0:53:57.57,1:02:16.15,5:24,
190.,Masculino,40-44,20,0:54:00.39,1:01:40.83,5:24,
191.,Feminino,25-34,7,0:54:02.24,0:54:19.57,5:24,
192.,Feminino,50-54,3,0:54:02.38,0:54:13.38,5:24,
193.,Masculino,45-49,18,0:54:06.06,0:54:37.36,5:25,
194.,Masculino,55-59,7,0:54:08.23,0:54:16.34,5:25,
195.,Masculino,35-39,35,0:54:09.95,0:55:08.75,5:25,
196.,Masculino,25-34,44,0:54:10.52,0:59:01.88,5:25,
197.,Masculino,50-54,17,0:54:11.22,0:57:21.73,5:25,
198.,Feminino,45-49,4,0:54:11.25,0:54:31.66,5:25,
199.,Masculino,35-39,36,0:54:13.53,0:57:01.47,5:25,
200.,Masculino,60-64,10,0:54:17.88,0:54:54.43,5:26,
201.,Masculino,25-34,45,0:54:20.24,1:02:41.72,5:26,
202.,Masculino,25-34,46,0:54:20.53,1:01:41.60,5:26,
203.,Masculino,25-34,47,0:54:21.17,1:02:46.34,5:26,
204.,Masculino,35-39,37,0:54:21.63,0:57:55.26,5:26,
205.,Masculino,25-34,48,0:54:22.18,0:54:47.28,5:26,
206.,Feminino,35-39,5,0:54:28.16,0:56:04.80,5:27,
207.,Masculino,45-49,19,0:54:29.09,0:55:18.98,5:27,
208.,Masculino,50-54,18,0:54:31.58,0:55:05.78,5:27,
209.,Masculino,40-44,21,0:54:33.31,0:57:26.68,5:28,
210.,Masculino,40-44,22,0:54:33.74,1:01:20.74,5:28,
211.,Feminino,45-49,5,0:54:34.48,0:56:32.34,5:28,
212.,Masculino,18-24,5,0:54:38.94,1:02:54.15,5:28,
213.,Masculino,45-49,20,0:54:42.95,0:58:56.34,5:28,
214.,Masculino,45-49,21,0:54:43.36,1:03:05.47,5:28,
215.,Masculino,45-49,22,0:54:43.85,0:55:34.43,5:28,
216.,Feminino,40-44,4,0:54:43.86,0:55:22.12,5:28,
217.,Masculino,55-59,8,0:54:44.10,0:54:57.66,5:28,
218.,Feminino,35-39,6,0:54:48.96,0:59:35.17,5:29,
219.,Feminino,35-39,7,0:54:49.89,0:56:43.62,5:29,
220.,Masculino,25-34,49,0:54:50.04,0:58:05.71,5:29,
221.,Masculino,35-39,38,0:54:51.95,0:58:49.26,5:29,
222.,Feminino,35-39,8,0:54:52.53,0:55:22.85,5:29,
223.,Masculino,40-44,23,0:54:58.01,1:03:30.18,5:30,
224.,Masculino,25-34,50,0:54:58.43,0:57:10.89,5:30,
225.,Feminino,40-44,5,0:54:59.68,0:57:34.39,5:30,
226.,Feminino,55-59,2,0:55:00.05,0:55:20.37,5:30,
227.,Masculino,35-39,39,0:55:02.41,0:55:02.41,5:30,
228.,Feminino,35-39,9,0:55:05.45,1:00:53.89,5:31,
229.,Masculino,35-39,40,0:55:10.61,0:56:02.10,5:31,
230.,Masculino,35-39,41,0:55:11.49,0:58:32.98,5:31,
231.,Masculino,35-39,42,0:55:14.21,1:02:31.36,5:31,
232.,Feminino,25-34,8,0:55:15.68,1:00:06.63,5:31,
233.,Masculino,60-64,11,0:55:16.31,0:55:27.33,5:32,
234.,Feminino,25-34,9,0:55:18.72,1:00:15.99,5:32,
235.,Masculino,45-49,23,0:55:19.64,0:55:39.43,5:32,
236.,Masculino,35-39,43,0:55:20.09,0:57:56.82,5:32,
237.,Feminino,25-34,10,0:55:20.17,0:55:32.78,5:32,
238.,Masculino,25-34,51,0:55:24.25,0:59:47.21,5:32,
239.,Masculino,45-49,24,0:55:29.54,0:58:23.99,5:33,
240.,Masculino,40-44,24,0:55:30.36,1:04:31.85,5:33,
241.,Masculino,35-39,44,0:55:33.72,1:02:42.36,5:34,
242.,Feminino,55-59,3,0:55:37.63,1:02:19.27,5:34,
243.,Masculino,60-64,12,0:55:38.34,1:00:14.29,5:34,
244.,Masculino,35-39,45,0:55:39.04,0:58:35.78,5:34,
245.,Masculino,60-64,13,0:55:42.46,0:55:49.36,5:34,
246.,Feminino,40-44,6,0:55:42.67,0:57:28.90,5:34,
247.,Masculino,25-34,52,0:55:43.39,0:58:58.71,5:34,
248.,Masculino,25-34,53,0:55:45.22,0:59:00.64,5:35,
249.,Feminino,40-44,7,0:55:47.23,0:56:25.14,5:35,
250.,Feminino,25-34,11,0:55:49.74,0:57:46.03,5:35,
251.,Feminino,35-39,10,0:55:51.38,0:57:10.37,5:35,
252.,Masculino,50-54,19,0:55:54.33,1:02:02.33,5:35,
253.,Masculino,18-24,6,0:55:55.21,0:57:05.33,5:35,
254.,Masculino,25-34,54,0:55:56.71,1:04:23.40,5:35,
255.,Feminino,25-34,12,0:55:57.22,1:02:46.51,5:36,
256.,Feminino,25-34,13,0:55:58.25,0:59:06.56,5:36,
257.,Masculino,35-39,46,0:56:08.93,0:57:10.37,5:37,
258.,Masculino,50-54,20,0:56:09.34,0:58:54.90,5:37,
259.,Feminino,55-59,4,0:56:10.56,0:56:23.67,5:37,
260.,Masculino,40-44,25,0:56:11.02,1:03:53.02,5:37,
261.,Masculino,60-64,14,0:56:11.10,0:56:22.23,5:37,
262.,Masculino,60-64,15,0:56:11.27,1:00:20.54,5:37,
263.,Feminino,40-44,8,0:56:12.67,1:00:16.81,5:37,
264.,Masculino,25-34,55,0:56:12.98,0:59:25.31,5:37,
265.,Masculino,25-34,56,0:56:13.45,0:56:32.72,5:37,
266.,Masculino,18-24,7,0:56:15.26,1:02:28.30,5:37,
267.,Masculino,25-34,57,0:56:15.65,1:01:50.98,5:37,
268.,Feminino,25-34,14,0:56:17.18,1:00:22.33,5:38,
269.,Masculino,35-39,47,0:56:17.26,0:58:48.86,5:38,
270.,Masculino,60-64,16,0:56:19.39,0:58:58.50,5:38,
271.,Masculino,65-69,7,0:56:19.86,0:59:15.60,5:38,
272.,Masculino,55-59,9,0:56:20.49,0:57:56.52,5:38,
273.,Masculino,18-24,8,0:56:21.02,1:04:51.02,5:38,
274.,Masculino,45-49,25,0:56:21.25,0:58:55.14,5:38,
275.,Feminino,45-49,6,0:56:21.58,0:56:21.58,5:38,
276.,Masculino,40-44,26,0:56:22.03,0:57:38.81,5:38,
277.,Masculino,65-69,8,0:56:22.43,0:58:22.88,5:38,
278.,Masculino,40-44,27,0:56:25.13,0:57:44.75,5:38,
279.,Feminino,35-39,11,0:56:26.11,0:57:59.74,5:38,
280.,Feminino,45-49,7,0:56:26.35,0:56:43.59,5:38,
281.,Feminino,35-39,12,0:56:31.41,0:58:22.09,5:39,
282.,Masculino,35-39,48,0:56:32.16,1:03:43.54,5:39,
283.,Masculino,35-39,49,0:56:32.46,1:00:47.95,5:39,
284.,Feminino,45-49,8,0:56:34.11,0:58:09.66,5:40,
285.,Feminino,45-49,9,0:56:34.54,0:58:00.55,5:40,
286.,Masculino,45-49,26,0:56:35.95,0:56:44.32,5:40,
287.,Feminino,35-39,13,0:56:38.32,1:00:44.13,5:40,
288.,Masculino,55-59,10,0:56:43.24,0:58:10.28,5:40,
289.,Masculino,60-64,17,0:56:44.75,1:02:47.80,5:40,
290.,Masculino,35-39,50,0:56:45.08,1:03:49.14,5:41,
291.,Masculino,40-44,28,0:56:45.21,1:00:27.61,5:41,
292.,Masculino,45-49,27,0:56:45.80,1:04:46.47,5:41,
293.,Masculino,40-44,29,0:56:49.22,1:01:40.43,5:41,
294.,Masculino,60-64,18,0:56:53.32,0:57:57.17,5:41,
295.,Masculino,55-59,11,0:56:55.95,1:01:24.41,5:41,
296.,Masculino,45-49,28,0:56:57.61,0:57:44.44,5:42,
297.,Masculino,18-24,9,0:57:00.15,1:01:41.98,5:42,
298.,Masculino,55-59,12,0:57:02.51,0:59:00.49,5:42,
299.,Masculino,25-34,58,0:57:02.57,0:59:16.81,5:42,
300.,Masculino,40-44,30,0:57:04.54,1:00:01.75,5:43,
301.,Feminino,35-39,14,0:57:05.69,0:57:17.61,5:43,
302.,Masculino,25-34,59,0:57:07.19,1:05:29.50,5:43,
303.,Masculino,55-59,13,0:57:08.51,0:59:01.57,5:43,
304.,Feminino,25-34,15,0:57:10.71,1:03:32.03,5:43,
305.,Masculino,45-49,29,0:57:12.73,0:59:49.51,5:43,
306.,Masculino,55-59,14,0:57:13.95,0:57:38.06,5:43,
307.,Feminino,35-39,15,0:57:16.27,0:58:23.98,5:44,
308.,Masculino,40-44,31,0:57:16.53,0:59:52.81,5:44,
309.,Feminino,40-44,9,0:57:16.84,0:57:50.01,5:44,
310.,Masculino,65-69,9,0:57:17.48,0:57:59.76,5:44,
311.,Masculino,40-44,32,0:57:21.57,1:06:54.26,5:44,
312.,Masculino,40-44,33,0:57:22.71,1:00:03.22,5:44,
313.,Masculino,60-64,19,0:57:23.30,1:02:14.23,5:44,
314.,Feminino,25-34,16,0:57:23.50,1:02:14.59,5:44,
315.,Masculino,35-39,51,0:57:27.01,0:58:05.70,5:44,
316.,Masculino,60-64,20,0:57:27.88,0:59:44.09,5:44,
317.,Feminino,18-24,2,0:57:28.61,0:57:28.61,5:45,
318.,Masculino,35-39,52,0:57:29.35,0:58:06.80,5:45,
319.,Masculino,25-34,60,0:57:29.61,1:02:59.93,5:45,
320.,Masculino,35-39,53,0:57:31.44,0:57:49.99,5:45,
321.,Masculino,25-34,61,0:57:32.29,1:00:00.96,5:45,
322.,Masculino,65-69,10,0:57:32.41,0:58:05.24,5:45,
323.,Feminino,40-44,10,0:57:34.44,0:59:46.98,5:46,
324.,Feminino,60-64,3,0:57:36.27,0:59:38.72,5:46,
325.,Masculino,25-34,62,0:57:37.89,1:06:03.41,5:46,
326.,Feminino,25-34,17,0:57:38.62,1:07:04.18,5:46,
327.,Feminino,35-39,16,0:57:42.14,1:05:38.11,5:46,
328.,Feminino,40-44,11,0:57:43.65,0:58:22.60,5:46,
329.,Masculino,45-49,30,0:57:44.79,0:59:17.48,5:46,
330.,Feminino,60-64,4,0:57:45.08,1:01:47.39,5:47,
331.,Masculino,45-49,31,0:57:45.10,0:58:36.98,5:47,
332.,Masculino,25-34,63,0:57:48.75,1:00:14.30,5:47,
333.,Feminino,25-34,18,0:57:49.69,1:06:04.68,5:47,
334.,Masculino,45-49,32,0:57:51.68,1:01:45.61,5:47,
335.,Masculino,35-39,54,0:57:52.74,1:01:39.25,5:47,
336.,Masculino,35-39,55,0:57:52.84,1:05:41.34,5:47,
337.,Feminino,35-39,17,0:57:54.05,1:01:38.16,5:47,
338.,Feminino,35-39,18,0:57:55.78,1:00:10.71,5:47,
339.,Feminino,25-34,19,0:57:58.01,0:58:05.90,5:48,
340.,Masculino,25-34,64,0:57:58.47,1:05:11.60,5:48,
341.,Masculino,50-54,21,0:57:59.63,1:03:54.78,5:48,
342.,Masculino,35-39,56,0:57:59.74,1:03:27.62,5:48,
343.,Feminino,25-34,20,0:58:03.26,0:58:51.19,5:48,
344.,Masculino,55-59,15,0:58:03.56,1:03:39.98,5:48,
345.,Masculino,35-39,57,0:58:03.79,1:02:10.99,5:48,
346.,Masculino,40-44,34,0:58:07.07,1:03:02.20,5:49,
347.,Masculino,35-39,58,0:58:11.57,1:06:55.50,5:49,
348.,Masculino,25-34,65,0:58:12.50,1:02:58.77,5:49,
349.,Masculino,25-34,66,0:58:13.21,1:06:50.31,5:49,
350.,Masculino,45-49,33,0:58:13.74,1:01:21.32,5:49,
351.,Masculino,45-49,34,0:58:15.02,1:00:03.57,5:49,
352.,Masculino,35-39,59,0:58:16.31,1:03:03.83,5:50,
353.,Masculino,35-39,60,0:58:16.62,1:03:03.59,5:50,
354.,Feminino,10K-PRFF,1,0:58:17.38,1:00:33.21,5:50,
355.,Masculino,40-44,35,0:58:17.72,1:00:58.55,5:50,
356.,Masculino,35-39,61,0:58:27.61,1:00:40.18,5:51,
357.,Masculino,18-24,10,0:58:27.77,0:58:59.62,5:51,
358.,Masculino,35-39,62,0:58:28.07,0:58:28.07,5:51,
359.,Masculino,50-54,22,0:58:28.24,1:04:24.77,5:51,
360.,Masculino,35-39,63,0:58:32.07,1:01:13.15,5:51,
361.,Masculino,35-39,64,0:58:33.10,1:04:11.88,5:52,
362.,Feminino,35-39,19,0:58:33.11,1:00:49.89,5:52,
363.,Masculino,45-49,35,0:58:33.35,1:03:06.70,5:52,
364.,Feminino,40-44,12,0:58:34.99,1:00:47.55,5:52,
365.,Masculino,40-44,36,0:58:35.10,1:05:16.33,5:52,
366.,Feminino,40-44,13,0:58:36.18,1:01:44.06,5:52,
367.,Masculino,18-24,11,0:58:37.73,1:02:23.28,5:52,
368.,Masculino,25-34,67,0:58:37.91,1:02:34.09,5:52,
369.,Masculino,70-74,1,0:58:39.10,0:58:58.49,5:52,
370.,Masculino,60-64,21,0:58:42.46,0:58:58.72,5:52,
371.,Feminino,50-54,4,0:58:44.40,0:58:55.87,5:52,
372.,Masculino,50-54,23,0:58:44.72,1:01:03.33,5:52,
373.,Feminino,35-39,20,0:58:47.70,1:02:54.16,5:53,
374.,Feminino,25-34,21,0:58:50.40,1:03:58.25,5:53,
375.,Feminino,35-39,21,0:58:51.40,1:03:32.62,5:53,
376.,Masculino,18-24,12,0:58:51.50,0:59:49.11,5:53,
377.,Masculino,35-39,65,0:58:51.77,0:59:50.36,5:53,
378.,Feminino,18-24,3,0:58:53.15,0:59:24.42,5:53,
379.,Feminino,50-54,5,0:58:53.48,1:04:49.48,5:53,
380.,Feminino,25-34,22,0:58:54.11,1:04:23.72,5:53,
381.,Feminino,25-34,23,0:58:55.59,0:59:19.47,5:53,
382.,Masculino,40-44,37,0:58:56.28,1:02:07.48,5:53,
383.,Masculino,35-39,66,0:58:59.24,1:03:45.96,5:54,
384.,Masculino,50-54,24,0:58:59.54,1:01:39.69,5:54,
385.,Feminino,25-34,24,0:59:00.01,1:06:20.57,5:54,
386.,Masculino,55-59,16,0:59:00.05,1:00:15.43,5:54,
387.,Masculino,25-34,68,0:59:08.43,1:00:25.16,5:55,
388.,Masculino,25-34,69,0:59:09.65,1:04:13.03,5:55,
389.,Feminino,25-34,25,0:59:10.44,1:06:43.59,5:55,
390.,Masculino,45-49,36,0:59:11.79,1:00:53.69,5:55,
391.,Masculino,40-44,38,0:59:11.91,1:01:05.14,5:55,
392.,Masculino,45-49,37,0:59:12.61,0:59:59.50,5:55,
393.,Masculino,35-39,67,0:59:13.34,1:07:08.10,5:55,
394.,Feminino,25-34,26,0:59:14.32,1:07:39.15,5:55,
395.,Feminino,25-34,27,0:59:15.48,1:00:56.05,5:55,
396.,Masculino,40-44,39,0:59:17.43,0:59:50.45,5:56,
397.,Masculino,60-64,22,0:59:19.64,1:01:09.08,5:56,
398.,Masculino,50-54,25,0:59:21.83,1:07:43.21,5:56,
399.,Masculino,40-44,40,0:59:22.39,1:07:29.29,5:56,
400.,Masculino,35-39,68,0:59:27.10,1:04:55.68,5:56,
401.,Feminino,25-34,28,0:59:29.04,1:10:36.61,5:57,
402.,Feminino,25-34,29,0:59:32.21,1:05:56.37,5:57,
403.,Masculino,35-39,69,0:59:32.43,1:00:08.99,5:57,
404.,Feminino,35-39,22,0:59:33.53,1:01:32.51,5:58,
405.,Masculino,35-39,70,0:59:33.74,1:00:52.48,5:58,
406.,Feminino,25-34,30,0:59:37.47,1:00:53.60,5:58,
407.,Masculino,35-39,71,0:59:38.10,1:04:21.31,5:58,
408.,Masculino,45-49,38,0:59:38.32,1:00:40.18,5:58,
409.,Masculino,55-59,17,0:59:39.93,1:00:06.03,5:58,
410.,Masculino,35-39,72,0:59:42.34,1:04:33.15,5:58,
411.,Feminino,10K-PRFF,2,0:59:42.82,1:03:52.26,5:58,
412.,Masculino,25-34,70,0:59:45.70,1:05:59.97,5:59,
413.,Masculino,25-34,71,0:59:46.03,1:07:05.67,5:59,
414.,Masculino,70-74,2,0:59:46.72,1:00:00.28,5:59,
415.,Masculino,40-44,41,0:59:49.16,1:03:30.16,5:59,
416.,Masculino,45-49,39,0:59:51.18,1:00:38.32,5:59,
417.,Feminino,45-49,10,0:59:51.49,1:07:24.55,5:59,
418.,Masculino,45-49,40,0:59:52.00,1:03:32.98,5:59,
419.,Masculino,35-39,73,0:59:59.89,1:01:47.91,6:00,
420.,Feminino,40-44,14,1:00:00.11,1:02:54.28,6:00,
421.,Feminino,40-44,15,1:00:00.66,1:01:46.14,6:00,
422.,Masculino,35-39,74,1:00:01.66,1:04:54.23,6:00,
423.,Masculino,45-49,41,1:00:02.15,1:01:29.70,6:00,
424.,Masculino,35-39,75,1:00:05.47,1:01:12.31,6:01,
425.,Masculino,55-59,18,1:00:06.25,1:04:46.46,6:01,
426.,Feminino,65-69,1,1:00:08.24,1:00:42.29,6:01,
427.,Masculino,25-34,72,1:00:10.21,1:07:02.32,6:01,
428.,Feminino,45-49,11,1:00:10.90,1:00:54.34,6:01,
429.,Masculino,40-44,42,1:00:14.52,1:00:36.95,6:01,
430.,Feminino,25-34,31,1:00:14.71,1:07:16.16,6:01,
431.,Feminino,40-44,16,1:00:15.69,1:05:37.56,6:01,
432.,Feminino,35-39,23,1:00:22.51,1:02:25.42,6:02,
433.,Masculino,25-34,73,1:00:24.37,1:02:53.07,6:02,
434.,Feminino,25-34,32,1:00:27.37,1:02:53.58,6:02,
435.,Feminino,45-49,12,1:00:29.85,1:00:41.57,6:03,
436.,Masculino,40-44,43,1:00:31.05,1:03:15.88,6:03,
437.,Masculino,35-39,76,1:00:32.96,1:08:00.31,6:03,
438.,Masculino,60-64,23,1:00:35.02,1:07:25.76,6:04,
439.,Masculino,40-44,44,1:00:36.93,1:02:10.60,6:04,
440.,Feminino,25-34,33,1:00:40.00,1:02:12.23,6:04,
441.,Masculino,40-44,45,1:00:43.41,1:01:30.61,6:04,
442.,Feminino,35-39,24,1:00:44.08,1:06:52.40,6:04,
443.,Masculino,60-64,24,1:00:44.58,1:04:25.80,6:04,
444.,Masculino,40-44,46,1:00:49.42,1:06:06.59,6:05,
445.,Feminino,35-39,25,1:00:50.64,1:06:46.36,6:05,
446.,Masculino,50-54,26,1:00:50.69,1:03:26.96,6:05,
447.,Masculino,25-34,74,1:00:51.21,1:04:27.31,6:05,
448.,Masculino,50-54,27,1:00:51.24,1:06:10.87,6:05,
449.,Masculino,35-39,77,1:00:51.85,1:01:43.56,6:05,
450.,Masculino,25-34,75,1:00:53.39,1:03:55.12,6:05,
451.,Masculino,40-44,47,1:00:53.78,1:03:01.06,6:05,
452.,Feminino,50-54,6,1:01:02.01,1:01:38.58,6:06,
453.,Masculino,25-34,76,1:01:06.62,1:03:32.34,6:07,
454.,Feminino,45-49,13,1:01:09.18,1:02:38.46,6:07,
455.,Feminino,18-24,4,1:01:10.80,1:09:19.71,6:07,
456.,Masculino,25-34,77,1:01:11.54,1:04:55.22,6:07,
457.,Feminino,45-49,14,1:01:14.17,1:04:59.81,6:07,
458.,Feminino,45-49,15,1:01:15.36,1:03:39.67,6:07,
459.,Masculino,65-69,11,1:01:15.76,1:02:07.86,6:07,
460.,Feminino,25-34,34,1:01:16.71,1:01:39.48,6:08,
461.,Feminino,45-49,16,1:01:17.56,1:01:52.29,6:08,
462.,Masculino,65-69,12,1:01:20.25,1:07:52.01,6:08,
463.,Masculino,35-39,78,1:01:22.82,1:04:07.50,6:08,
464.,Masculino,35-39,79,1:01:24.39,1:09:37.34,6:08,
465.,Feminino,45-49,17,1:01:28.27,1:03:02.80,6:09,
466.,Masculino,45-49,42,1:01:28.92,1:05:11.88,6:09,
467.,Feminino,35-39,26,1:01:31.66,1:03:41.47,6:09,
468.,Feminino,45-49,18,1:01:35.08,1:07:36.04,6:10,
469.,Masculino,40-44,48,1:01:35.90,1:08:49.10,6:10,
470.,Masculino,40-44,49,1:01:40.82,1:02:16.38,6:10,
471.,Masculino,70-74,3,1:01:41.41,1:02:46.06,6:10,
472.,Masculino,45-49,43,1:01:44.28,1:05:32.10,6:10,
473.,Masculino,18-24,13,1:01:44.70,1:08:40.89,6:10,
474.,Feminino,18-24,5,1:01:51.88,1:08:55.69,6:11,
475.,Masculino,35-39,80,1:01:52.41,1:08:46.07,6:11,
476.,Feminino,50-54,7,1:01:52.57,1:07:22.87,6:11,
477.,Masculino,25-34,78,1:01:56.76,1:08:11.38,6:11,
478.,Feminino,10K-PRFF,3,1:01:59.89,1:04:55.67,6:12,
479.,Feminino,25-34,35,1:02:02.48,1:09:00.80,6:12,
480.,Feminino,45-49,19,1:02:02.89,1:03:59.19,6:12,
481.,Masculino,35-39,81,1:02:03.82,1:09:12.47,6:12,
482.,Masculino,55-59,19,1:02:04.15,1:05:27.20,6:13,
483.,Masculino,40-44,50,1:02:04.20,1:03:36.68,6:13,
484.,Masculino,45-49,44,1:02:06.74,1:06:14.91,6:13,
485.,Masculino,35-39,82,1:02:07.51,1:04:09.81,6:13,
486.,Feminino,40-44,17,1:02:08.02,1:06:15.87,6:13,
487.,Feminino,25-34,36,1:02:08.37,1:05:37.44,6:13,
488.,Masculino,35-39,83,1:02:09.46,1:05:34.97,6:13,
489.,Masculino,35-39,84,1:02:12.14,1:07:34.40,6:13,
490.,Feminino,25-34,37,1:02:12.33,1:02:40.85,6:13,
491.,Feminino,35-39,27,1:02:13.43,1:03:47.17,6:13,
492.,Feminino,40-44,18,1:02:13.46,1:02:42.03,6:13,
493.,Feminino,35-39,28,1:02:15.78,1:11:42.79,6:13,
494.,Masculino,50-54,28,1:02:17.06,1:02:44.51,6:14,
495.,Masculino,35-39,85,1:02:18.37,1:09:07.61,6:14,
496.,Masculino,35-39,86,1:02:18.52,1:06:57.58,6:14,
497.,Masculino,40-44,51,1:02:20.72,1:06:10.10,6:14,
498.,Masculino,25-34,79,1:02:21.30,1:06:10.25,6:14,
499.,Feminino,35-39,29,1:02:22.23,1:07:36.50,6:14,
500.,Masculino,40-44,52,1:02:22.98,1:06:10.10,6:14,
501.,Masculino,50-54,29,1:02:24.02,1:06:12.64,6:14,
502.,Feminino,18-24,6,1:02:25.48,1:05:39.87,6:14,
503.,Feminino,25-34,38,1:02:26.90,1:06:35.34,6:14,
504.,Feminino,25-34,39,1:02:35.53,1:04:25.04,6:16,
505.,Feminino,35-39,30,1:02:36.39,1:04:03.31,6:16,
506.,Masculino,50-54,30,1:02:36.87,1:05:37.11,6:16,
507.,Feminino,25-34,40,1:02:37.70,1:07:30.35,6:16,
508.,Masculino,25-34,80,1:02:41.57,1:09:24.06,6:16,
509.,Masculino,35-39,87,1:02:41.68,1:11:09.63,6:16,
510.,Masculino,40-44,53,1:02:42.28,1:10:08.79,6:16,
511.,Masculino,35-39,88,1:02:42.55,1:03:37.78,6:16,
512.,Masculino,40-44,54,1:02:44.71,1:05:20.46,6:16,
513.,Feminino,40-44,19,1:02:45.88,1:08:05.35,6:17,
514.,Masculino,50-54,31,1:02:48.92,1:03:32.98,6:17,
515.,Feminino,25-34,41,1:02:49.65,1:08:24.86,6:17,
516.,Masculino,40-44,55,1:02:49.92,1:09:15.01,6:17,
517.,Feminino,25-34,42,1:02:49.96,1:09:14.82,6:17,
518.,Feminino,25-34,43,1:02:50.49,1:03:19.74,6:17,
519.,Masculino,35-39,89,1:02:51.86,1:09:21.89,6:17,
520.,Masculino,45-49,45,1:02:52.72,1:09:14.06,6:17,
521.,Feminino,25-34,44,1:02:53.60,1:03:29.72,6:17,
522.,Masculino,40-44,56,1:02:54.37,1:05:57.93,6:17,
523.,Masculino,55-59,20,1:02:54.71,1:04:27.48,6:17,
524.,Masculino,40-44,57,1:02:54.95,1:04:15.40,6:17,
525.,Feminino,40-44,20,1:02:55.35,1:04:15.29,6:17,
526.,Masculino,40-44,58,1:02:59.34,1:09:00.79,6:18,
527.,Feminino,25-34,45,1:03:00.19,1:04:02.12,6:18,
528.,Masculino,55-59,21,1:03:01.02,1:08:00.90,6:18,
529.,Masculino,60-64,25,1:03:02.94,1:03:25.44,6:18,
530.,Masculino,40-44,59,1:03:03.99,1:05:49.73,6:18,
531.,Masculino,25-34,81,1:03:04.36,1:03:25.42,6:19,
532.,Feminino,45-49,20,1:03:09.15,1:08:59.64,6:19,
533.,Masculino,25-34,82,1:03:10.51,1:08:14.91,6:19,
534.,Feminino,25-34,46,1:03:10.94,1:03:48.22,6:19,
535.,Feminino,25-34,47,1:03:12.74,1:10:11.08,6:19,
536.,Masculino,25-34,83,1:03:13.69,1:07:20.12,6:19,
537.,Feminino,45-49,21,1:03:14.42,1:10:47.20,6:19,
538.,Feminino,40-44,21,1:03:14.87,1:05:23.20,6:19,
539.,Feminino,45-49,22,1:03:19.68,1:07:53.16,6:20,
540.,Masculino,25-34,84,1:03:22.12,1:04:17.25,6:20,
541.,Masculino,25-34,85,1:03:23.20,1:06:51.35,6:20,
542.,Feminino,35-39,31,1:03:24.15,1:04:18.89,6:20,
543.,Masculino,40-44,60,1:03:24.64,1:08:07.68,6:20,
544.,Masculino,25-34,86,1:03:25.35,1:10:20.18,6:20,
545.,Masculino,25-34,87,1:03:26.01,1:03:43.32,6:20,
546.,Masculino,55-59,22,1:03:28.55,1:07:33.71,6:21,
547.,Masculino,40-44,61,1:03:28.82,1:04:23.72,6:21,
548.,Masculino,25-34,88,1:03:30.25,1:12:52.95,6:21,
549.,Masculino,25-34,89,1:03:31.05,1:12:52.47,6:21,
550.,Feminino,35-39,32,1:03:37.11,1:07:44.32,6:22,
551.,Masculino,40-44,62,1:03:40.05,1:07:45.11,6:22,
552.,Feminino,45-49,23,1:03:41.49,1:10:18.40,6:22,
553.,Feminino,45-49,24,1:03:42.62,1:09:20.90,6:22,
554.,Feminino,25-34,48,1:03:44.38,1:09:20.98,6:22,
555.,Masculino,60-64,26,1:03:45.51,1:05:45.90,6:23,
556.,Masculino,55-59,23,1:03:46.19,1:05:42.47,6:23,
557.,Feminino,40-44,22,1:03:46.78,1:05:05.71,6:23,
558.,Feminino,45-49,25,1:03:48.66,1:08:51.32,6:23,
559.,Masculino,60-64,27,1:03:50.78,1:03:57.29,6:23,
560.,Masculino,40-44,63,1:03:51.08,1:06:19.51,6:23,
561.,Masculino,25-34,90,1:03:53.14,1:08:41.73,6:23,
562.,Feminino,25-34,49,1:03:54.39,1:10:58.12,6:23,
563.,Feminino,25-34,50,1:03:55.65,1:07:11.02,6:23,
564.,Feminino,25-34,51,1:03:55.82,1:10:58.95,6:23,
565.,Masculino,40-44,64,1:03:58.21,1:05:04.53,6:24,
566.,Masculino,18-24,14,1:03:58.88,1:07:48.21,6:24,
567.,Feminino,40-44,23,1:04:00.96,1:08:40.17,6:24,
568.,Masculino,25-34,91,1:04:01.62,1:04:39.53,6:24,
569.,Masculino,25-34,92,1:04:01.74,1:07:02.70,6:24,
570.,Feminino,35-39,33,1:04:02.23,1:08:48.95,6:24,
571.,Feminino,25-34,52,1:04:03.20,1:05:22.48,6:24,
572.,Masculino,25-34,93,1:04:03.22,1:08:27.56,6:24,
573.,Masculino,35-39,90,1:04:03.68,1:13:38.40,6:24,
574.,Feminino,25-34,53,1:04:04.43,1:05:07.83,6:25,
575.,Masculino,35-39,91,1:04:09.68,1:10:28.17,6:25,
576.,Masculino,40-44,65,1:04:10.32,1:04:16.90,6:25,
577.,Masculino,40-44,66,1:04:16.07,1:07:47.65,6:26,
578.,Masculino,25-34,94,1:04:16.94,1:06:20.58,6:26,
579.,Feminino,40-44,24,1:04:17.34,1:05:36.71,6:26,
580.,Masculino,25-34,95,1:04:17.88,1:08:48.33,6:26,
581.,Masculino,18-24,15,1:04:18.65,1:12:47.69,6:26,
582.,Feminino,40-44,25,1:04:20.14,1:05:36.53,6:26,
583.,Masculino,25-34,96,1:04:20.63,1:13:01.65,6:26,
584.,Masculino,35-39,92,1:04:24.32,1:08:48.79,6:26,
585.,Feminino,45-49,26,1:04:26.06,1:06:55.29,6:26,
586.,Masculino,40-44,67,1:04:26.47,1:04:56.98,6:26,
587.,Feminino,35-39,34,1:04:26.68,1:11:44.05,6:26,
588.,Masculino,25-34,97,1:04:27.46,1:06:58.79,6:26,
589.,Feminino,55-59,5,1:04:27.73,1:08:14.31,6:26,
590.,Feminino,55-59,6,1:04:27.83,1:06:56.16,6:26,
591.,Masculino,35-39,93,1:04:30.34,1:06:09.02,6:27,
592.,Feminino,40-44,26,1:04:30.69,1:08:48.54,6:27,
593.,Masculino,50-54,32,1:04:31.23,1:06:26.94,6:27,
594.,Masculino,40-44,68,1:04:31.95,1:04:53.70,6:27,
595.,Masculino,45-49,46,1:04:32.17,1:06:27.91,6:27,
596.,Feminino,25-34,54,1:04:34.69,1:06:05.91,6:28,
597.,Feminino,45-49,27,1:04:36.01,1:06:10.40,6:28,
598.,Masculino,55-59,24,1:04:38.41,1:09:30.27,6:28,
599.,Feminino,50-54,8,1:04:39.13,1:05:05.06,6:28,
600.,Masculino,45-49,47,1:04:39.31,1:08:29.06,6:28,
601.,Masculino,40-44,69,1:04:39.62,1:06:33.32,6:28,
602.,Feminino,25-34,55,1:04:42.29,1:05:38.12,6:28,
603.,Feminino,45-49,28,1:04:42.58,1:05:12.61,6:28,
604.,Masculino,45-49,48,1:04:44.69,1:06:58.43,6:28,
605.,Masculino,25-34,98,1:04:44.96,1:09:53.17,6:28,
606.,Masculino,25-34,99,1:04:51.45,1:13:33.59,6:29,
607.,Masculino,25-34,100,1:04:51.61,1:09:03.30,6:29,
608.,Masculino,60-64,28,1:04:53.09,1:04:56.45,6:29,
609.,Masculino,35-39,94,1:04:54.91,1:06:00.42,6:29,
610.,Feminino,18-24,7,1:04:54.95,1:11:10.99,6:29,
611.,Feminino,45-49,29,1:04:55.66,1:07:57.53,6:29,
612.,Feminino,35-39,35,1:05:00.64,1:05:57.91,6:30,
613.,Masculino,25-34,101,1:05:03.97,1:11:04.04,6:30,
614.,Masculino,40-44,70,1:05:05.36,1:10:24.44,6:31,
615.,Feminino,40-44,27,1:05:05.94,1:07:40.72,6:31,
616.,Masculino,55-59,25,1:05:08.03,1:12:19.80,6:31,
617.,Feminino,25-34,56,1:05:08.41,1:07:34.74,6:31,
618.,Feminino,40-44,28,1:05:09.57,1:07:53.53,6:31,
619.,Masculino,40-44,71,1:05:09.86,1:13:30.10,6:31,
620.,Feminino,25-34,57,1:05:11.88,1:05:59.00,6:31,
621.,Masculino,25-34,102,1:05:12.86,1:07:15.87,6:31,
622.,Masculino,25-34,103,1:05:14.24,1:13:54.12,6:31,
623.,Masculino,25-34,104,1:05:15.36,1:06:21.88,6:31,
624.,Feminino,45-49,30,1:05:15.93,1:06:25.41,6:31,
625.,Masculino,45-49,49,1:05:16.37,1:10:07.19,6:32,
626.,Masculino,35-39,95,1:05:19.83,1:14:22.54,6:32,
627.,Feminino,45-49,31,1:05:20.05,1:09:05.81,6:32,
628.,Masculino,35-39,96,1:05:20.11,1:10:17.08,6:32,
629.,Masculino,40-44,72,1:05:21.23,1:09:16.58,6:32,
630.,Masculino,70-74,4,1:05:22.78,1:05:49.83,6:32,
631.,Feminino,35-39,36,1:05:26.53,1:08:18.99,6:32,
632.,Masculino,50-54,33,1:05:28.20,1:09:19.67,6:33,
633.,Feminino,50-54,9,1:05:28.71,1:07:55.26,6:33,
634.,Feminino,50-54,10,1:05:29.08,1:09:20.46,6:33,
635.,Masculino,50-54,34,1:05:30.60,1:05:46.19,6:33,
636.,Feminino,50-54,11,1:05:30.94,1:12:30.64,6:33,
637.,Masculino,55-59,26,1:05:33.63,1:08:15.48,6:34,
638.,Feminino,25-34,58,1:05:34.21,1:09:27.59,6:34,
639.,Masculino,50-54,35,1:05:35.09,1:07:19.02,6:34,
640.,Feminino,25-34,59,1:05:35.93,1:09:28.49,6:34,
641.,Feminino,45-49,32,1:05:36.71,1:08:24.51,6:34,
642.,Feminino,35-39,37,1:05:39.34,1:06:48.21,6:34,
643.,Feminino,60-64,5,1:05:42.02,1:06:40.91,6:34,
644.,Masculino,50-54,36,1:05:42.27,1:06:35.57,6:34,
645.,Masculino,45-49,50,1:05:42.56,1:07:40.71,6:34,
646.,Feminino,18-24,8,1:05:43.02,1:06:37.34,6:34,
647.,Feminino,60-64,6,1:05:43.44,1:06:30.96,6:34,
648.,Masculino,50-54,37,1:05:45.43,1:06:50.52,6:35,
649.,Feminino,40-44,29,1:05:45.68,1:06:07.94,6:35,
650.,Masculino,25-34,105,1:05:49.27,1:10:06.91,6:35,
651.,Masculino,60-64,29,1:05:53.45,1:08:38.45,6:35,
652.,Masculino,35-39,97,1:05:58.10,1:11:24.87,6:36,
653.,Masculino,50-54,38,1:05:59.61,1:11:32.98,6:36,
654.,Masculino,40-44,73,1:06:01.11,1:09:46.37,6:36,
655.,Feminino,25-34,60,1:06:01.35,1:11:13.07,6:36,
656.,Feminino,35-39,38,1:06:01.62,1:13:02.70,6:36,
657.,Feminino,40-44,30,1:06:01.95,1:06:24.35,6:36,
658.,Masculino,50-54,39,1:06:03.75,1:09:24.57,6:36,
659.,Feminino,35-39,39,1:06:04.29,1:11:13.07,6:37,
660.,Feminino,35-39,40,1:06:05.47,1:13:04.23,6:37,
661.,Feminino,55-59,7,1:06:06.65,1:07:27.14,6:37,
662.,Masculino,18-24,16,1:06:06.82,1:10:42.58,6:37,
663.,Feminino,40-44,31,1:06:07.80,1:11:20.08,6:37,
664.,Masculino,50-54,40,1:06:10.68,1:11:15.26,6:37,
665.,Masculino,60-64,30,1:06:11.33,1:10:27.24,6:37,
666.,Feminino,40-44,32,1:06:16.35,1:12:53.27,6:38,
667.,Feminino,45-49,33,1:06:19.27,1:11:08.11,6:38,
668.,Masculino,18-24,17,1:06:19.93,1:10:51.32,6:38,
669.,Feminino,55-59,8,1:06:20.02,1:06:30.63,6:38,
670.,Masculino,45-49,51,1:06:20.66,1:14:47.34,6:38,
671.,Masculino,60-64,31,1:06:24.93,1:07:40.94,6:38,
672.,Feminino,45-49,34,1:06:26.45,1:07:58.81,6:38,
673.,Masculino,40-44,74,1:06:27.29,1:07:59.67,6:38,
674.,Feminino,25-34,61,1:06:27.98,1:09:48.68,6:38,
675.,Masculino,25-34,106,1:06:28.10,1:07:36.06,6:39,
676.,Masculino,40-44,75,1:06:29.96,1:12:10.65,6:39,
677.,Masculino,55-59,27,1:06:33.38,1:08:42.43,6:39,
678.,Masculino,35-39,98,1:06:35.15,1:11:25.60,6:40,
679.,Feminino,75+,1,1:06:36.62,1:12:58.94,6:40,
680.,Feminino,40-44,33,1:06:37.99,1:13:16.23,6:40,
681.,Masculino,25-34,107,1:06:38.91,1:12:24.14,6:40,
682.,Feminino,40-44,34,1:06:40.23,1:09:50.49,6:40,
683.,Masculino,25-34,108,1:06:40.73,1:06:58.44,6:40,
684.,Masculino,65-69,13,1:06:42.41,1:07:56.57,6:40,
685.,Feminino,25-34,62,1:06:46.56,1:13:28.79,6:41,
686.,Feminino,40-44,35,1:06:46.64,1:10:56.21,6:41,
687.,Feminino,40-44,36,1:06:48.48,1:13:31.04,6:41,
688.,Feminino,25-34,63,1:06:52.43,1:09:02.78,6:41,
689.,Masculino,50-54,41,1:06:52.61,1:07:00.63,6:41,
690.,Feminino,18-24,9,1:06:56.84,1:10:41.41,6:41,
691.,Masculino,55-59,28,1:06:58.60,1:10:40.86,6:42,
692.,Masculino,40-44,76,1:07:03.66,1:08:13.50,6:42,
693.,Feminino,55-59,9,1:07:09.85,1:09:35.08,6:43,
694.,Feminino,40-44,37,1:07:14.41,1:11:22.51,6:43,
695.,Masculino,60-64,32,1:07:14.80,1:09:52.34,6:43,
696.,Feminino,45-49,35,1:07:17.11,1:14:39.01,6:44,
697.,Masculino,35-39,99,1:07:21.04,1:09:26.56,6:44,
698.,Feminino,60-64,7,1:07:21.38,1:08:54.50,6:44,
699.,Feminino,35-39,41,1:07:22.14,1:08:22.54,6:44,
700.,Feminino,55-59,10,1:07:23.08,1:08:15.58,6:44,
701.,Feminino,40-44,38,1:07:24.38,1:12:01.73,6:44,
702.,Feminino,45-49,36,1:07:29.82,1:10:50.45,6:45,
703.,Masculino,25-34,109,1:07:35.30,1:14:48.46,6:46,
704.,Feminino,25-34,64,1:07:36.49,1:09:56.04,6:46,
705.,Feminino,35-39,42,1:07:42.83,1:08:35.57,6:46,
706.,Feminino,35-39,43,1:07:44.83,1:13:09.56,6:46,
707.,Masculino,55-59,29,1:07:48.16,1:08:10.03,6:47,
708.,Feminino,25-34,65,1:07:48.93,1:12:52.96,6:47,
709.,Feminino,18-24,10,1:07:51.16,1:09:54.94,6:47,
710.,Masculino,65-69,14,1:07:52.35,1:13:25.28,6:47,
711.,Masculino,25-34,110,1:07:54.10,1:14:58.97,6:47,
712.,Masculino,60-64,33,1:07:58.22,1:12:52.39,6:48,
713.,Masculino,25-34,111,1:07:58.81,1:09:11.26,6:48,
714.,Feminino,25-34,66,1:08:00.30,1:09:19.58,6:48,
715.,Masculino,55-59,30,1:08:00.99,1:11:36.05,6:48,
716.,Feminino,50-54,12,1:08:02.22,1:12:56.32,6:48,
717.,Feminino,40-44,39,1:08:03.70,1:12:01.05,6:48,
718.,Feminino,25-34,67,1:08:05.78,1:12:51.34,6:49,
719.,Masculino,18-24,18,1:08:07.47,1:13:34.24,6:49,
720.,Masculino,18-24,19,1:08:16.04,1:13:09.56,6:50,
721.,Masculino,45-49,52,1:08:17.90,1:10:42.33,6:50,
722.,Masculino,40-44,77,1:08:17.92,1:14:12.94,6:50,
723.,Feminino,50-54,13,1:08:19.36,1:08:43.51,6:50,
724.,Feminino,45-49,37,1:08:20.05,1:09:13.34,6:50,
725.,Feminino,35-39,44,1:08:21.08,1:10:34.65,6:50,
726.,Feminino,25-34,68,1:08:23.02,1:13:09.80,6:50,
727.,Masculino,25-34,112,1:08:27.98,1:12:06.73,6:51,
728.,Feminino,35-39,45,1:08:28.15,1:12:07.41,6:51,
729.,Masculino,25-34,113,1:08:28.19,1:12:06.22,6:51,
730.,Feminino,25-34,69,1:08:28.88,1:12:07.58,6:51,
731.,Feminino,35-39,46,1:08:35.04,1:10:53.27,6:52,
732.,Masculino,35-39,100,1:08:36.04,1:09:14.98,6:52,
733.,Feminino,25-34,70,1:08:37.26,1:09:16.35,6:52,
734.,Feminino,40-44,40,1:08:37.81,1:10:53.65,6:52,
735.,Masculino,25-34,114,1:08:37.82,1:18:33.87,6:52,
736.,Feminino,25-34,71,1:08:38.40,1:09:17.11,6:52,
737.,Feminino,35-39,47,1:08:38.52,1:12:07.68,6:52,
738.,Feminino,55-59,11,1:08:39.24,1:13:09.17,6:52,
739.,Masculino,40-44,78,1:08:40.36,1:10:14.65,6:52,
740.,Feminino,55-59,12,1:08:41.94,1:12:37.37,6:52,
741.,Masculino,40-44,79,1:08:43.52,1:15:19.39,6:52,
742.,Masculino,18-24,20,1:08:43.93,1:15:42.24,6:52,
743.,Masculino,35-39,101,1:08:45.51,1:10:53.89,6:53,
744.,Feminino,25-34,72,1:08:46.83,1:15:12.20,6:53,
745.,Feminino,40-44,41,1:08:49.68,1:14:06.78,6:53,
746.,Masculino,55-59,31,1:08:49.81,1:15:49.59,6:53,
747.,Masculino,35-39,102,1:08:52.38,1:11:02.05,6:53,
748.,Feminino,55-59,13,1:08:55.36,1:12:27.39,6:53,
749.,Masculino,45-49,53,1:08:55.80,1:13:14.37,6:53,
750.,Feminino,25-34,73,1:08:58.01,1:16:58.58,6:54,
751.,Feminino,50-54,14,1:08:59.10,1:13:01.66,6:54,
752.,Feminino,35-39,48,1:09:00.73,1:16:18.04,6:54,
753.,Masculino,18-24,21,1:09:02.47,1:10:45.66,6:54,
754.,Feminino,40-44,42,1:09:03.19,1:15:12.87,6:54,
755.,Masculino,25-34,115,1:09:04.11,1:17:20.09,6:55,
756.,Feminino,35-39,49,1:09:04.58,1:09:59.86,6:55,
757.,Feminino,40-44,43,1:09:07.34,1:11:26.83,6:55,
758.,Masculino,25-34,116,1:09:09.54,1:11:06.04,6:55,
759.,Feminino,50-54,15,1:09:09.72,1:10:30.63,6:55,
760.,Masculino,35-39,103,1:09:14.91,1:14:15.62,6:55,
761.,Masculino,18-24,22,1:09:15.05,1:15:02.40,6:55,
762.,Masculino,25-34,117,1:09:19.36,1:09:43.74,6:56,
763.,Masculino,55-59,32,1:09:22.35,1:10:46.26,6:56,
764.,Feminino,40-44,44,1:09:23.02,1:09:23.02,6:56,
765.,Feminino,25-34,74,1:09:23.60,1:10:33.18,6:56,
766.,Feminino,35-39,50,1:09:24.97,1:11:39.18,6:56,
767.,Feminino,40-44,45,1:09:25.16,1:13:19.21,6:56,
768.,Feminino,60-64,8,1:09:25.54,1:15:48.89,6:56,
769.,Masculino,25-34,118,1:09:28.60,1:13:12.91,6:57,
770.,Masculino,25-34,119,1:09:29.16,1:16:12.38,6:57,
771.,Masculino,25-34,120,1:09:31.70,1:09:31.70,6:57,
772.,Feminino,25-34,75,1:09:34.54,1:10:03.98,6:58,
773.,Masculino,18-24,23,1:09:38.00,1:13:23.99,6:58,
774.,Feminino,18-24,11,1:09:45.56,1:13:02.62,6:59,
775.,Masculino,18-24,24,1:09:45.92,1:11:28.18,6:59,
776.,Feminino,40-44,46,1:09:46.12,1:17:06.40,6:59,
777.,Masculino,35-39,104,1:09:50.23,1:14:37.22,6:59,
778.,Feminino,45-49,38,1:09:52.91,1:11:20.84,6:59,
779.,Feminino,18-24,12,1:09:53.60,1:10:09.33,6:59,
780.,Masculino,18-24,25,1:09:58.83,1:13:40.60,7:00,
781.,Feminino,35-39,51,1:10:06.46,1:14:50.34,7:01,
782.,Masculino,35-39,105,1:10:08.50,1:16:02.96,7:01,
783.,Masculino,55-59,33,1:10:09.05,1:15:36.94,7:01,
784.,Masculino,35-39,106,1:10:09.69,1:11:36.34,7:01,
785.,Feminino,45-49,39,1:10:12.12,1:16:43.51,7:01,
786.,Feminino,35-39,52,1:10:15.61,1:12:10.01,7:01,
787.,Feminino,40-44,47,1:10:17.15,1:12:11.26,7:02,
788.,Feminino,65-69,2,1:10:21.00,1:11:08.92,7:02,
789.,Feminino,55-59,14,1:10:22.79,1:11:09.24,7:02,
790.,Feminino,40-44,48,1:10:25.16,1:13:43.53,7:02,
791.,Masculino,18-24,26,1:10:25.95,1:17:10.58,7:02,
792.,Masculino,25-34,121,1:10:28.28,1:14:49.85,7:03,
793.,Feminino,25-34,76,1:10:28.92,1:12:04.57,7:03,
794.,Masculino,25-34,122,1:10:31.12,1:17:13.30,7:03,
795.,Masculino,55-59,34,1:10:31.58,1:12:04.55,7:03,
796.,Feminino,25-34,77,1:10:36.76,1:18:06.58,7:04,
797.,Feminino,55-59,15,1:10:39.30,1:15:19.38,7:04,
798.,Masculino,60-64,34,1:10:40.26,1:14:57.11,7:04,
799.,Feminino,35-39,53,1:10:45.02,1:11:06.23,7:05,
800.,Feminino,40-44,49,1:10:51.10,1:15:44.83,7:05,
801.,Feminino,40-44,50,1:10:51.63,1:18:31.80,7:05,
802.,Masculino,35-39,107,1:10:52.25,1:12:13.06,7:05,
803.,Feminino,35-39,54,1:10:53.14,1:12:12.70,7:05,
804.,Feminino,40-44,51,1:10:55.02,1:15:49.13,7:05,
805.,Feminino,40-44,52,1:10:57.02,1:19:11.45,7:06,
806.,Masculino,50-54,42,1:11:04.53,1:12:09.58,7:07,
807.,Masculino,18-24,27,1:11:20.03,1:11:20.03,7:08,
808.,Feminino,45-49,40,1:11:20.51,1:15:12.34,7:08,
809.,Feminino,40-44,53,1:11:25.98,1:17:23.87,7:08,
810.,Feminino,35-39,55,1:11:26.41,1:17:14.84,7:08,
811.,Feminino,55-59,16,1:11:26.76,1:17:24.45,7:08,
812.,Masculino,45-49,54,1:11:26.81,1:12:36.42,7:08,
813.,Masculino,35-39,108,1:11:27.85,1:14:06.89,7:08,
814.,Feminino,60-64,9,1:11:29.44,1:12:02.80,7:09,
815.,Masculino,40-44,80,1:11:35.83,1:20:09.47,7:10,
816.,Feminino,25-34,78,1:11:35.86,1:16:43.41,7:10,
817.,Feminino,25-34,79,1:11:36.60,1:15:56.48,7:10,
818.,Masculino,40-44,81,1:11:36.80,1:20:11.36,7:10,
819.,Masculino,25-34,123,1:11:37.96,1:20:10.43,7:10,
820.,Masculino,65-69,15,1:11:41.28,1:15:43.78,7:10,
821.,Masculino,60-64,35,1:11:41.65,1:17:22.25,7:10,
822.,Feminino,25-34,80,1:11:43.82,1:13:17.81,7:10,
823.,Feminino,45-49,41,1:11:49.91,1:19:22.20,7:11,
824.,Feminino,25-34,81,1:11:52.34,1:17:22.82,7:11,
825.,Masculino,35-39,109,1:11:57.25,1:17:53.74,7:12,
826.,Masculino,65-69,16,1:11:58.92,1:15:06.07,7:12,
827.,Feminino,40-44,54,1:11:59.87,1:13:43.85,7:12,
828.,Masculino,45-49,55,1:12:02.26,1:16:01.76,7:12,
829.,Feminino,25-34,82,1:12:03.73,1:17:14.08,7:12,
830.,Feminino,55-59,17,1:12:07.40,1:14:01.34,7:13,
831.,Feminino,40-44,55,1:12:10.25,1:18:50.03,7:13,
832.,Feminino,40-44,56,1:12:11.91,1:18:50.04,7:13,
833.,Masculino,65-69,17,1:12:12.54,1:14:28.89,7:13,
834.,Feminino,40-44,57,1:12:13.23,1:16:32.06,7:13,
835.,Masculino,40-44,82,1:12:19.29,1:12:32.51,7:14,
836.,Feminino,35-39,56,1:12:19.36,1:18:28.85,7:14,
837.,Feminino,45-49,42,1:12:21.89,1:13:52.42,7:14,
838.,Feminino,50-54,16,1:12:26.87,1:20:31.18,7:14,
839.,Masculino,55-59,35,1:12:27.76,1:15:38.13,7:14,
840.,Feminino,25-34,83,1:12:29.26,1:20:22.12,7:15,
841.,Masculino,18-24,28,1:12:30.54,1:13:54.47,7:15,
842.,Masculino,45-49,56,1:12:31.98,1:20:47.60,7:15,
843.,Masculino,40-44,83,1:12:36.13,1:14:39.42,7:16,
844.,Masculino,35-39,110,1:12:37.84,1:17:00.02,7:16,
845.,Feminino,35-39,57,1:12:38.69,1:14:42.07,7:16,
846.,Masculino,60-64,36,1:12:39.86,1:14:36.61,7:16,
847.,Masculino,40-44,84,1:12:41.12,1:13:23.28,7:16,
848.,Masculino,40-44,85,1:12:42.20,1:15:02.39,7:16,
849.,Masculino,18-24,29,1:12:46.00,1:16:50.38,7:17,
850.,Masculino,45-49,57,1:12:46.20,1:13:17.88,7:17,
851.,Feminino,45-49,43,1:12:46.53,1:16:34.60,7:17,
852.,Feminino,35-39,58,1:12:48.40,1:16:22.46,7:17,
853.,Masculino,50-54,43,1:12:51.54,1:18:37.09,7:17,
854.,Feminino,35-39,59,1:12:52.70,1:17:36.89,7:17,
855.,Masculino,35-39,111,1:12:53.46,1:14:58.85,7:17,
856.,Masculino,18-24,30,1:13:06.94,1:14:51.26,7:19,
857.,Masculino,40-44,86,1:13:07.38,1:17:30.99,7:19,
858.,Masculino,45-49,58,1:13:09.22,1:16:09.78,7:19,
859.,Masculino,25-34,124,1:13:10.21,1:16:30.26,7:19,
860.,Masculino,45-49,59,1:13:14.37,1:14:33.06,7:19,
861.,Masculino,25-34,125,1:13:16.13,1:20:01.74,7:20,
862.,Feminino,25-34,84,1:13:18.17,1:16:57.47,7:20,
863.,Feminino,25-34,85,1:13:19.49,1:16:57.48,7:20,
864.,Feminino,25-34,86,1:13:26.92,1:15:52.69,7:20,
865.,Feminino,25-34,87,1:13:43.07,1:16:42.74,7:22,
866.,Feminino,60-64,10,1:13:43.12,1:14:20.23,7:22,
867.,Feminino,25-34,88,1:13:43.62,1:19:02.90,7:22,
868.,Masculino,35-39,112,1:13:44.82,1:18:06.19,7:22,
869.,Masculino,40-44,87,1:13:45.04,1:16:30.04,7:23,
870.,Masculino,60-64,37,1:13:47.30,1:16:59.63,7:23,
871.,Masculino,50-54,44,1:13:52.88,1:23:14.04,7:23,
872.,Masculino,25-34,126,1:13:54.67,1:17:03.56,7:23,
873.,Feminino,35-39,60,1:13:55.85,1:15:18.48,7:23,
874.,Feminino,25-34,89,1:13:58.43,1:20:04.08,7:24,
875.,Feminino,45-49,44,1:14:03.42,1:21:49.50,7:24,
876.,Feminino,45-49,45,1:14:05.12,1:19:05.37,7:25,
877.,Feminino,50-54,17,1:14:05.34,1:14:28.52,7:25,
878.,Feminino,35-39,61,1:14:08.75,1:21:53.95,7:25,
879.,Feminino,25-34,90,1:14:09.05,1:14:42.28,7:25,
880.,Feminino,50-54,18,1:14:09.63,1:16:11.79,7:25,
881.,Feminino,25-34,91,1:14:09.96,1:14:41.26,7:25,
882.,Masculino,40-44,88,1:14:11.08,1:17:22.53,7:25,
883.,Masculino,25-34,127,1:14:18.71,1:19:56.62,7:26,
884.,Masculino,18-24,31,1:14:20.41,1:18:54.98,7:26,
885.,Feminino,25-34,92,1:14:20.73,1:18:07.05,7:26,
886.,Feminino,45-49,46,1:14:22.26,1:16:37.76,7:26,
887.,Feminino,50-54,19,1:14:22.38,1:21:51.77,7:26,
888.,Masculino,18-24,32,1:14:27.41,1:15:51.89,7:26,
889.,Feminino,35-39,62,1:14:32.10,1:19:03.84,7:27,
890.,Feminino,40-44,58,1:14:33.72,1:17:26.93,7:28,
891.,Masculino,35-39,113,1:14:40.67,1:20:32.99,7:28,
892.,Feminino,35-39,63,1:14:41.47,1:19:56.66,7:28,
893.,Masculino,40-44,89,1:14:43.39,1:17:38.31,7:28,
894.,Feminino,25-34,93,1:14:47.63,1:15:50.61,7:29,
895.,Feminino,25-34,94,1:14:47.70,1:15:43.85,7:29,
896.,Feminino,45-49,47,1:14:50.28,1:18:28.07,7:29,
897.,Feminino,45-49,48,1:14:52.53,1:16:00.85,7:29,
898.,Feminino,45-49,49,1:15:00.57,1:19:13.15,7:30,
899.,Masculino,50-54,45,1:15:03.84,1:23:00.38,7:30,
900.,Feminino,45-49,50,1:15:06.13,1:17:29.40,7:31,
901.,Masculino,35-39,114,1:15:08.12,1:22:29.77,7:31,
902.,Feminino,50-54,20,1:15:18.42,1:22:25.95,7:32,
903.,Feminino,50-54,21,1:15:21.33,1:18:26.53,7:32,
904.,Feminino,40-44,59,1:15:21.48,1:22:04.04,7:32,
905.,Feminino,55-59,18,1:15:24.07,1:16:34.29,7:32,
906.,Feminino,60-64,11,1:15:24.72,1:19:18.50,7:32,
907.,Feminino,25-34,95,1:15:28.35,1:16:50.39,7:33,
908.,Masculino,40-44,90,1:15:31.65,1:18:59.36,7:33,
909.,Feminino,55-59,19,1:15:37.68,1:22:12.58,7:34,
910.,Masculino,18-24,33,1:15:37.93,1:18:52.89,7:34,
911.,Feminino,35-39,64,1:15:44.97,1:20:38.91,7:34,
912.,Masculino,50-54,46,1:15:48.03,1:24:29.09,7:35,
913.,Masculino,50-54,47,1:15:48.54,1:21:18.89,7:35,
914.,Feminino,35-39,65,1:15:52.50,1:22:43.91,7:35,
915.,Masculino,25-34,128,1:15:58.42,1:19:38.52,7:36,
916.,Feminino,45-49,51,1:16:00.11,1:20:12.24,7:36,
917.,Feminino,60-64,12,1:16:00.55,1:23:29.21,7:36,
918.,Feminino,60-64,13,1:16:02.77,1:21:04.21,7:36,
919.,Masculino,25-34,129,1:16:08.76,1:18:13.70,7:37,
920.,Masculino,35-39,115,1:16:25.08,1:19:30.12,7:38,
921.,Feminino,18-24,13,1:16:25.93,1:17:00.03,7:38,
922.,Masculino,60-64,38,1:16:26.52,1:20:16.84,7:38,
923.,Masculino,45-49,60,1:16:31.05,1:19:13.24,7:39,
924.,Masculino,35-39,116,1:16:33.84,1:21:01.29,7:39,
925.,Feminino,50-54,22,1:16:33.88,1:20:46.34,7:39,
926.,Feminino,45-49,52,1:16:35.31,1:21:00.73,7:40,
927.,Masculino,25-34,130,1:16:38.42,1:16:55.00,7:40,
928.,Masculino,40-44,91,1:16:39.34,1:21:31.19,7:40,
929.,Masculino,25-34,131,1:16:44.60,1:19:07.10,7:40,
930.,Feminino,55-59,20,1:16:48.20,1:19:34.02,7:41,
931.,Feminino,40-44,60,1:16:52.10,1:23:12.56,7:41,
932.,Masculino,60-64,39,1:16:55.38,1:16:55.38,7:41,
933.,Feminino,55-59,21,1:16:59.81,1:18:01.55,7:42,
934.,Feminino,35-39,66,1:17:01.59,1:24:58.47,7:42,
935.,Feminino,40-44,61,1:17:02.77,1:22:18.76,7:42,
936.,Masculino,35-39,117,1:17:08.66,1:19:50.76,7:43,
937.,Feminino,35-39,67,1:17:10.30,1:19:51.72,7:43,
938.,Feminino,40-44,62,1:17:17.85,1:22:02.97,7:44,
939.,Feminino,35-39,68,1:17:19.00,1:17:55.58,7:44,
940.,Feminino,45-49,53,1:17:21.77,1:20:29.33,7:44,
941.,Masculino,40-44,92,1:17:23.43,1:18:58.71,7:44,
942.,Feminino,25-34,96,1:17:24.88,1:21:20.17,7:44,
943.,Masculino,60-64,40,1:17:26.50,1:19:27.71,7:44,
944.,Feminino,18-24,14,1:17:29.18,1:24:59.59,7:45,
945.,Masculino,35-39,118,1:17:40.89,1:19:50.65,7:46,
946.,Masculino,65-69,18,1:17:51.04,1:24:48.46,7:47,
947.,Feminino,65-69,3,1:18:12.39,1:20:25.95,7:49,
948.,Masculino,45-49,61,1:18:15.31,1:21:10.31,7:49,
949.,Feminino,40-44,63,1:18:27.76,1:24:24.12,7:51,
950.,Feminino,55-59,22,1:18:28.64,1:24:24.69,7:51,
951.,Feminino,60-64,14,1:18:31.17,1:21:01.32,7:51,
952.,Feminino,40-44,64,1:18:33.22,1:21:07.38,7:52,
953.,Masculino,35-39,119,1:18:37.98,1:26:30.85,7:52,
954.,Feminino,35-39,69,1:18:38.27,1:28:00.88,7:52,
955.,Feminino,25-34,97,1:18:38.91,1:20:40.03,7:52,
956.,Masculino,25-34,132,1:18:44.88,1:21:11.38,7:52,
957.,Feminino,40-44,65,1:18:46.85,1:27:05.55,7:53,
958.,Feminino,50-54,23,1:18:48.48,1:26:22.58,7:53,
959.,Feminino,35-39,70,1:18:52.12,1:24:41.91,7:53,
960.,Masculino,35-39,120,1:18:55.94,1:22:39.35,7:53,
961.,Feminino,25-34,98,1:19:00.32,1:20:38.68,7:54,
962.,Feminino,45-49,54,1:19:07.57,1:24:09.39,7:55,
963.,Masculino,40-44,93,1:19:08.35,1:24:11.01,7:55,
964.,Feminino,18-24,15,1:19:11.39,1:22:24.12,7:55,
965.,Masculino,35-39,121,1:19:15.04,1:25:40.14,7:55,
966.,Feminino,25-34,99,1:19:21.10,1:20:42.52,7:56,
967.,Masculino,45-49,62,1:19:40.30,1:21:58.33,7:58,
968.,Masculino,60-64,41,1:19:55.91,1:26:35.10,7:59,
969.,Feminino,40-44,66,1:20:07.24,1:22:22.08,8:01,
970.,Feminino,25-34,100,1:20:08.55,1:22:21.42,8:01,
971.,Masculino,18-24,34,1:20:08.86,1:27:08.75,8:01,
972.,Masculino,40-44,94,1:20:23.26,1:24:01.40,8:02,
973.,Feminino,50-54,24,1:20:25.43,1:22:46.67,8:02,
974.,Feminino,35-39,71,1:20:27.49,1:27:50.64,8:02,
975.,Feminino,40-44,67,1:20:28.37,1:22:00.97,8:03,
976.,Masculino,25-34,133,1:20:29.46,1:22:55.28,8:03,
977.,Feminino,45-49,55,1:20:32.37,1:24:12.46,8:03,
978.,Feminino,25-34,101,1:20:32.58,1:21:26.12,8:03,
979.,Masculino,65-69,19,1:20:33.84,1:20:54.48,8:04,
980.,Feminino,55-59,23,1:20:34.03,1:20:55.37,8:04,
981.,Feminino,55-59,24,1:20:34.81,1:21:51.53,8:04,
982.,Masculino,40-44,95,1:20:39.55,1:27:20.59,8:04,
983.,Feminino,50-54,25,1:20:41.23,1:23:15.29,8:04,
984.,Masculino,40-44,96,1:20:53.04,1:27:46.33,8:05,
985.,Masculino,35-39,122,1:20:56.10,1:30:07.77,8:05,
986.,Feminino,40-44,68,1:21:02.00,1:26:54.43,8:06,
987.,Masculino,25-34,134,1:21:09.53,1:28:31.46,8:07,
988.,Feminino,55-59,25,1:21:22.57,1:28:36.04,8:08,
989.,Masculino,35-39,123,1:21:23.47,1:27:11.19,8:08,
990.,Masculino,75+,1,1:21:30.01,1:23:08.67,8:09,
991.,Masculino,35-39,124,1:21:30.33,1:24:46.71,8:09,
992.,Feminino,35-39,72,1:21:32.35,1:28:20.56,8:09,
993.,Feminino,60-64,15,1:21:37.82,1:27:31.60,8:10,
994.,Feminino,25-34,102,1:21:42.37,1:28:55.75,8:10,
995.,Masculino,25-34,135,1:21:44.32,1:28:56.05,8:10,
996.,Feminino,18-24,16,1:21:59.62,1:27:58.53,8:12,
997.,Feminino,55-59,26,1:22:04.35,1:23:10.92,8:13,
998.,Feminino,50-54,26,1:22:04.57,1:22:14.55,8:13,
999.,Feminino,25-34,103,1:22:11.69,1:25:48.49,8:13,
1000.,Feminino,25-34,104,1:22:19.51,1:29:31.55,8:14,
1001.,Feminino,35-39,73,1:22:35.56,1:26:51.64,8:16,
1002.,Feminino,25-34,105,1:22:39.68,1:28:27.24,8:16,
1003.,Feminino,25-34,106,1:22:52.54,1:29:10.34,8:17,
1004.,Masculino,25-34,136,1:22:52.99,1:29:11.48,8:17,
1005.,Masculino,35-39,125,1:23:04.10,1:23:04.10,8:19,
1006.,Masculino,18-24,35,1:23:04.25,1:31:19.37,8:19,
1007.,Feminino,40-44,69,1:23:17.34,1:26:26.70,8:20,
1008.,Feminino,55-59,27,1:23:21.12,1:25:59.75,8:20,
1009.,Feminino,50-54,27,1:23:21.51,1:29:12.22,8:20,
1010.,Feminino,60-64,16,1:23:21.84,1:29:11.48,8:20,
1011.,Feminino,18-24,17,1:23:28.61,1:31:11.99,8:21,
1012.,Feminino,45-49,56,1:23:41.83,1:23:41.83,8:22,
1013.,Feminino,40-44,70,1:23:42.06,1:23:42.06,8:22,
1014.,Feminino,40-44,71,1:23:53.81,1:26:39.75,8:23,
1015.,Feminino,40-44,72,1:24:01.86,1:31:21.61,8:24,
1016.,Feminino,60-64,17,1:24:10.66,1:30:45.95,8:25,
1017.,Feminino,35-39,74,1:24:15.64,1:26:09.31,8:26,
1018.,Feminino,40-44,73,1:24:29.46,1:26:51.16,8:27,
1019.,Masculino,40-44,97,1:24:51.48,1:24:51.48,8:29,
1020.,Masculino,45-49,63,1:25:03.70,1:31:55.37,8:30,
1021.,Feminino,35-39,75,1:25:16.81,1:28:01.45,8:32,
1022.,Masculino,45-49,64,1:25:20.80,1:28:30.85,8:32,
1023.,Feminino,25-34,107,1:25:30.24,1:31:29.90,8:33,
1024.,Masculino,60-64,42,1:25:50.35,1:26:15.99,8:35,
1025.,Feminino,40-44,74,1:26:08.93,1:30:29.98,8:37,
1026.,Masculino,25-34,137,1:26:30.99,1:31:00.06,8:39,
1027.,Feminino,70-74,1,1:26:31.48,1:29:58.77,8:39,
1028.,Feminino,50-54,28,1:26:41.99,1:34:12.80,8:40,
1029.,Masculino,55-59,36,1:26:52.88,1:27:36.41,8:41,
1030.,Masculino,25-34,138,1:26:54.29,1:34:02.01,8:41,
1031.,Masculino,35-39,126,1:26:59.06,1:28:28.84,8:42,
1032.,Feminino,35-39,76,1:26:59.23,1:28:29.32,8:42,
1033.,Masculino,35-39,127,1:27:00.94,1:28:46.94,8:42,
1034.,Masculino,18-24,36,1:27:04.81,1:32:29.07,8:43,
1035.,Masculino,25-34,139,1:27:12.05,1:34:19.59,8:43,
1036.,Feminino,18-24,18,1:27:16.68,1:27:51.57,8:44,
1037.,Masculino,60-64,43,1:27:30.13,1:35:25.29,8:45,
1038.,Masculino,50-54,48,1:27:39.64,1:27:39.64,8:46,
1039.,Masculino,60-64,44,1:27:49.22,1:29:46.43,8:47,
1040.,Feminino,60-64,18,1:27:50.06,1:29:46.75,8:47,
1041.,Masculino,40-44,98,1:27:50.26,1:32:33.02,8:47,
1042.,Feminino,40-44,75,1:27:52.59,1:33:49.76,8:47,
1043.,Masculino,25-34,140,1:28:12.11,1:31:22.58,8:49,
1044.,Feminino,40-44,76,1:28:42.50,1:32:20.64,8:52,
1045.,Feminino,25-34,108,1:28:43.21,1:31:13.15,8:52,
1046.,Feminino,25-34,109,1:28:46.13,1:31:18.34,8:53,
1047.,Masculino,35-39,128,1:28:49.26,1:30:51.54,8:53,
1048.,Masculino,18-24,37,1:29:05.49,1:30:10.80,8:55,
1049.,Feminino,45-49,57,1:29:09.90,1:31:23.20,8:55,
1050.,Feminino,25-34,110,1:29:11.32,1:29:34.66,8:55,
1051.,Feminino,45-49,58,1:29:25.61,1:32:08.57,8:56,
1052.,Feminino,45-49,59,1:29:28.81,1:35:13.59,8:57,
1053.,Feminino,40-44,77,1:30:29.37,1:33:01.06,9:03,
1054.,Feminino,50-54,29,1:30:32.40,1:32:45.33,9:03,
1055.,Feminino,55-59,28,1:30:52.10,1:31:22.59,9:05,
1056.,Masculino,45-49,65,1:31:04.39,1:31:04.39,9:07,
1057.,Masculino,55-59,37,1:31:10.39,1:36:11.69,9:07,
1058.,Masculino,40-44,99,1:31:20.58,1:31:20.58,9:08,
1059.,Masculino,50-54,49,1:31:46.05,1:35:38.67,9:11,
1060.,Masculino,40-44,100,1:32:28.69,1:35:50.70,9:15,
1061.,Feminino,35-39,77,1:32:34.58,1:39:41.30,9:16,
1062.,Feminino,25-34,111,1:33:17.95,1:36:45.17,9:20,
1063.,Feminino,40-44,78,1:33:54.47,1:40:46.88,9:23,
1064.,Feminino,45-49,60,1:34:17.75,1:42:29.25,9:26,
1065.,Feminino,35-39,78,1:36:05.20,1:42:46.85,9:37,
1066.,Feminino,55-59,29,1:36:52.02,1:44:05.88,9:41,
1067.,Feminino,35-39,79,1:37:15.76,1:44:04.69,9:43,
1068.,Masculino,25-34,141,1:37:18.04,1:42:24.02,9:44,
1069.,Masculino,60-64,45,1:38:26.68,1:44:58.45,9:50,
1070.,Feminino,50-54,30,1:39:05.86,1:42:14.10,9:55,
1071.,Feminino,35-39,80,1:40:06.79,1:40:41.17,10:01,
1072.,Masculino,35-39,129,1:44:36.31,1:44:36.31,10:28,
1073.,Masculino,25-34,142,1:45:46.12,1:49:46.81,10:35,
1074.,Masculino,70-74,5,1:47:17.41,1:50:20.41,10:44,
1075.,Masculino,70-74,6,1:47:40.83,1:51:23.67,10:46,
1076.,Masculino,25-34,143,1:31:07.00,1:50:03.00,11:00,
1077.,Masculino,40-44,101,1:54:23.95,1:54:23.95,11:26,
1078.,Masculino,35-39,130,2:26:38.96,2:26:38.96,14:40,
1079.,Masculino,45-49,66,2:33:21.78,2:33:21.78,15:20,